<catalog>
    <widget>
        <name>pf1e3a-todo-widget</name>
        <contextItemName>[BBHOST]</contextItemName>
        <properties>
            <property name="src">
                <value type="string">$(itemRoot)/index.html</value>
            </property>
            <property name="thumbnailUrl">
                <value type="string">$(itemRoot)/icon.png</value>
            </property>
            <property label="Title" name="title">
                <value type="string">pf1e3a-todo-widget</value>
            </property>
            <property name="TemplateName">
                <value type="string">Standard_Widget</value>
            </property>
            <property label="Widget Chrome" name="widgetChrome" viewHint="select-one,manager,designModeOnly">
                <value type="string">$(contextRoot)/static/backbase.com.2012.aurora/html/chromes/widget_none.html</value>
            </property>
            <!-- Custom properties-->
            <property label="Limit" name="limit" viewHint="manager,designModeOnly">
                <value type="long">5</value>
            </property>
        </properties>
        <tags>
            <tag type="section">FE Training Widgets</tag>
            <tag type="regular">training</tag>
        </tags>
    </widget>
</catalog>
